,ID_HECHO,FECHA,AÑO,MES,DIA,ROL,VICTIMA,SEXO,EDAD,RANGO_ETARIO
0,2016-0001,1/1/2016,2016,1,1,CONDUCTOR,MOTO,MASCULINO,19,0-20 años
1,2016-0002,1/2/2016,2016,1,2,CONDUCTOR,AUTO,MASCULINO,70,61-70 años
2,2016-0003,1/3/2016,2016,1,3,CONDUCTOR,MOTO,MASCULINO,30,21-30 años
3,2016-0004,1/10/2016,2016,1,10,CONDUCTOR,MOTO,MASCULINO,18,0-20 años
4,2016-0005,1/21/2016,2016,1,21,CONDUCTOR,MOTO,MASCULINO,29,21-30 años
5,2016-0008,1/24/2016,2016,1,24,CONDUCTOR,MOTO,MASCULINO,30,21-30 años
6,2016-0009,1/24/2016,2016,1,24,PASAJERO_ACOMPAÑANTE,MOTO,MASCULINO,29,21-30 años
7,2016-0010,1/29/2016,2016,1,29,CONDUCTOR,MOTO,MASCULINO,18,0-20 años
8,2016-0012,2/8/2016,2016,2,8,CONDUCTOR,MOTO,MASCULINO,22,21-30 años
9,2016-0013,2/10/2016,2016,2,10,PEATON,PEATON,MASCULINO,16,0-20 años
10,2016-0015,2/14/2016,2016,2,14,PEATON,PEATON,FEMENINO,16,0-20 años
11,2016-0016,2/14/2016,2016,2,14,PASAJERO_ACOMPAÑANTE,MOTO,FEMENINO,19,0-20 años
12,2016-0017,2/15/2016,2016,2,15,PEATON,PEATON,MASCULINO,59,51-60 años
13,2016-0019,2/17/2016,2016,2,17,PEATON,PEATON,FEMENINO,65,61-70 años
14,2016-0020,2/17/2016,2016,2,17,PEATON,PEATON,MASCULINO,59,51-60 años
15,2016-0021,2/17/2016,2016,2,17,CONDUCTOR,AUTO,MASCULINO,34,31-40 años
16,2016-0022,2/21/2016,2016,2,21,PASAJERO_ACOMPAÑANTE,MOTO,MASCULINO,41,41-50 años
17,2016-0025,2/28/2016,2016,2,28,PASAJERO_ACOMPAÑANTE,AUTO,MASCULINO,34,31-40 años
18,2016-0026,2/28/2016,2016,2,28,CONDUCTOR,AUTO,MASCULINO,30,21-30 años
19,2016-0027,2/28/2016,2016,2,28,PASAJERO_ACOMPAÑANTE,AUTO,MASCULINO,34,31-40 años
20,2016-0028,3/2/2016,2016,3,2,PEATON,PEATON,MASCULINO,50,41-50 años
21,2016-0029,3/4/2016,2016,3,4,PEATON,PEATON,MASCULINO,38,31-40 años
22,2016-0031,3/8/2016,2016,3,8,CONDUCTOR,MOTO,MASCULINO,21,21-30 años
23,2016-0034,3/12/2016,2016,3,12,PEATON,PEATON,MASCULINO,52,51-60 años
24,2016-0035,3/13/2016,2016,3,13,CONDUCTOR,MOTO,MASCULINO,34,31-40 años
25,2016-0036,3/14/2016,2016,3,14,PASAJERO_ACOMPAÑANTE,MOTO,MASCULINO,36,31-40 años
26,2016-0037,3/19/2016,2016,3,19,CONDUCTOR,MOTO,MASCULINO,20,0-20 años
27,2016-0038,3/21/2016,2016,3,21,PEATON,PEATON,MASCULINO,29,21-30 años
28,2016-0039,3/23/2016,2016,3,23,CONDUCTOR,MOTO,MASCULINO,20,0-20 años
29,2016-0041,3/29/2016,2016,3,29,CONDUCTOR,MOTO,MASCULINO,54,51-60 años
30,2016-0041,3/29/2016,2016,3,29,PASAJERO_ACOMPAÑANTE,MOTO,MASCULINO,30,21-30 años
31,2016-0043,3/30/2016,2016,3,30,PEATON,PEATON,FEMENINO,56,51-60 años
32,2016-0044,3/31/2016,2016,3,31,CONDUCTOR,MOTO,MASCULINO,24,21-30 años
33,2016-0045,4/11/2016,2016,4,11,CONDUCTOR,MOTO,MASCULINO,30,21-30 años
34,2016-0047,4/15/2016,2016,4,15,PEATON,PEATON,MASCULINO,41,41-50 años
35,2016-0048,4/15/2016,2016,4,15,PEATON,PEATON,FEMENINO,30,21-30 años
36,2016-0049,4/17/2016,2016,4,17,CONDUCTOR,MOTO,MASCULINO,30,21-30 años
37,2016-0050,4/19/2016,2016,4,19,PEATON,PEATON,MASCULINO,78,71-100 años
38,2016-0051,4/20/2016,2016,4,20,CONDUCTOR,MOTO,MASCULINO,36,31-40 años
39,2016-0052,4/20/2016,2016,4,20,CONDUCTOR,MOTO,MASCULINO,30,21-30 años
40,2016-0053,4/22/2016,2016,4,22,PEATON,PEATON,MASCULINO,38,31-40 años
41,2016-0054,4/23/2016,2016,4,23,CONDUCTOR,MOTO,MASCULINO,30,21-30 años
42,2016-0055,4/25/2016,2016,4,25,PEATON,PEATON,MASCULINO,79,71-100 años
43,2016-0056,4/26/2016,2016,4,26,CONDUCTOR,MOTO,MASCULINO,26,21-30 años
44,2016-0058,5/4/2016,2016,5,4,PEATON,PEATON,FEMENINO,57,51-60 años
45,2016-0059,5/8/2016,2016,5,8,PEATON,PEATON,MASCULINO,37,31-40 años
46,2016-0064,5/14/2016,2016,5,14,PEATON,PEATON,MASCULINO,20,0-20 años
47,2016-0065,5/20/2016,2016,5,20,PEATON,PEATON,MASCULINO,20,0-20 años
48,2016-0067,5/21/2016,2016,5,21,PASAJERO_ACOMPAÑANTE,MOTO,FEMENINO,30,21-30 años
49,2016-0068,5/22/2016,2016,5,22,CONDUCTOR,MOTO,MASCULINO,58,51-60 años
50,2016-0069,5/23/2016,2016,5,23,CONDUCTOR,AUTO,MASCULINO,30,21-30 años
51,2016-0073,6/11/2016,2016,6,11,CONDUCTOR,MOTO,MASCULINO,23,21-30 años
52,2016-0074,6/12/2016,2016,6,12,CONDUCTOR,AUTO,MASCULINO,60,51-60 años
53,2016-0075,6/12/2016,2016,6,12,PEATON,PEATON,MASCULINO,42,41-50 años
54,2016-0076,6/13/2016,2016,6,13,PEATON,PEATON,FEMENINO,53,51-60 años
55,2016-0077,6/13/2016,2016,6,13,PEATON,PEATON,FEMENINO,30,21-30 años
56,2016-0078,6/13/2016,2016,6,13,CONDUCTOR,MOTO,MASCULINO,30,21-30 años
57,2016-0079,6/16/2016,2016,6,16,CONDUCTOR,AUTO,FEMENINO,51,51-60 años
58,2016-0080,6/18/2016,2016,6,18,CONDUCTOR,AUTO,MASCULINO,60,51-60 años
59,2016-0081,6/22/2016,2016,6,22,CONDUCTOR,MOTO,MASCULINO,40,31-40 años
60,2016-0082,6/27/2016,2016,6,27,PEATON,PEATON,MASCULINO,87,71-100 años
61,2016-0083,6/28/2016,2016,6,28,PEATON,PEATON,FEMENINO,76,71-100 años
62,2016-0084,6/29/2016,2016,6,29,PEATON,PEATON,MASCULINO,57,51-60 años
63,2016-0085,6/29/2016,2016,6,29,CONDUCTOR,MOTO,MASCULINO,30,21-30 años
64,2016-0086,6/30/2016,2016,6,30,PEATON,PEATON,MASCULINO,75,71-100 años
65,2016-0087,7/3/2016,2016,7,3,CONDUCTOR,MOTO,MASCULINO,23,21-30 años
66,2016-0088,7/11/2016,2016,7,11,PEATON,PEATON,FEMENINO,70,61-70 años
67,2016-0089,7/14/2016,2016,7,14,PEATON,PEATON,MASCULINO,35,31-40 años
68,2016-0090,7/14/2016,2016,7,14,PEATON,PEATON,MASCULINO,60,51-60 años
69,2016-0092,7/15/2016,2016,7,15,CONDUCTOR,MOTO,MASCULINO,24,21-30 años
70,2016-0093,7/17/2016,2016,7,17,CONDUCTOR,AUTO,MASCULINO,35,31-40 años
71,2016-0095,7/23/2016,2016,7,23,CONDUCTOR,MOTO,MASCULINO,29,21-30 años
72,2016-0096,7/25/2016,2016,7,25,CONDUCTOR,MOTO,MASCULINO,30,21-30 años
73,2016-0097,7/26/2016,2016,7,26,PEATON,PEATON,MASCULINO,80,71-100 años
74,2016-0098,7/27/2016,2016,7,27,CONDUCTOR,MOTO,FEMENINO,43,41-50 años
75,2016-0099,7/29/2016,2016,7,29,CONDUCTOR,CARGAS,MASCULINO,45,41-50 años
76,2016-0100,8/3/2016,2016,8,3,CONDUCTOR,MOTO,MASCULINO,57,51-60 años
77,2016-0101,8/7/2016,2016,8,7,CONDUCTOR,MOTO,MASCULINO,67,61-70 años
78,2016-0102,8/10/2016,2016,8,10,CONDUCTOR,MOTO,MASCULINO,29,21-30 años
79,2016-0104,8/14/2016,2016,8,14,CONDUCTOR,MOTO,MASCULINO,21,21-30 años
80,2016-0105,8/17/2016,2016,8,17,PEATON,PEATON,MASCULINO,19,0-20 años
81,2016-0106,8/19/2016,2016,8,19,PEATON,PEATON,MASCULINO,38,31-40 años
82,2016-0107,8/20/2016,2016,8,20,CONDUCTOR,MOTO,MASCULINO,21,21-30 años
83,2016-0109,8/24/2016,2016,8,24,CONDUCTOR,AUTO,FEMENINO,53,51-60 años
84,2016-0110,8/24/2016,2016,8,24,PEATON,PEATON,MASCULINO,57,51-60 años
85,2016-0111,8/25/2016,2016,8,25,CONDUCTOR,MOTO,MASCULINO,27,21-30 años
86,2016-0112,8/27/2016,2016,8,27,CONDUCTOR,MOTO,MASCULINO,24,21-30 años
87,2016-0113,8/27/2016,2016,8,27,PEATON,PEATON,FEMENINO,60,51-60 años
88,2016-0114,8/31/2016,2016,8,31,CICLISTA,BICICLETA,FEMENINO,55,51-60 años
89,2016-0115,9/2/2016,2016,9,2,CONDUCTOR,MOTO,MASCULINO,30,21-30 años
90,2016-0116,9/2/2016,2016,9,2,CONDUCTOR,MOTO,MASCULINO,30,21-30 años
91,2016-0117,9/3/2016,2016,9,3,CONDUCTOR,AUTO,MASCULINO,43,41-50 años
92,2016-0118,9/4/2016,2016,9,4,CONDUCTOR,AUTO,MASCULINO,27,21-30 años
93,2016-0119,9/4/2016,2016,9,4,PASAJERO_ACOMPAÑANTE,MOTO,FEMENINO,30,21-30 años
94,2016-0122,9/13/2016,2016,9,13,CICLISTA,BICICLETA,MASCULINO,49,41-50 años
95,2016-0123,9/14/2016,2016,9,14,CONDUCTOR,MOTO,FEMENINO,58,51-60 años
96,2016-0124,9/16/2016,2016,9,16,PEATON,PEATON,MASCULINO,67,61-70 años
97,2016-0125,9/17/2016,2016,9,17,CONDUCTOR,MOTO,MASCULINO,30,21-30 años
98,2016-0126,9/18/2016,2016,9,18,CONDUCTOR,AUTO,MASCULINO,37,31-40 años
99,2016-0126,9/18/2016,2016,9,18,PASAJERO_ACOMPAÑANTE,AUTO,MASCULINO,60,51-60 años
100,2016-0127,9/24/2016,2016,9,24,PEATON,PEATON,MASCULINO,50,41-50 años
101,2016-0128,10/2/2016,2016,10,2,PEATON,PEATON,FEMENINO,81,71-100 años
102,2016-0130,10/4/2016,2016,10,4,CONDUCTOR,MOTO,MASCULINO,29,21-30 años
103,2016-0131,10/9/2016,2016,10,9,PEATON,PEATON,MASCULINO,35,31-40 años
104,2016-0132,10/10/2016,2016,10,10,PASAJERO_ACOMPAÑANTE,AUTO,MASCULINO,30,21-30 años
105,2016-0133,10/14/2016,2016,10,14,CONDUCTOR,MOTO,MASCULINO,41,41-50 años
106,2016-0134,10/23/2016,2016,10,23,CONDUCTOR,MOTO,MASCULINO,25,21-30 años
107,2016-0135,10/24/2016,2016,10,24,PEATON,PEATON,MASCULINO,29,21-30 años
108,2016-0136,10/25/2016,2016,10,25,CONDUCTOR,MOTO,MASCULINO,30,21-30 años
109,2016-0137,10/25/2016,2016,10,25,CONDUCTOR,MOTO,MASCULINO,30,21-30 años
110,2016-0138,10/27/2016,2016,10,27,CICLISTA,BICICLETA,FEMENINO,33,31-40 años
111,2016-0139,10/28/2016,2016,10,28,PASAJERO_ACOMPAÑANTE,MOTO,FEMENINO,35,31-40 años
112,2016-0140,10/31/2016,2016,10,31,PASAJERO_ACOMPAÑANTE,PASAJEROS,MASCULINO,20,0-20 años
113,2016-0142,11/5/2016,2016,11,5,CONDUCTOR,MOTO,MASCULINO,46,41-50 años
114,2016-0143,11/6/2016,2016,11,6,CONDUCTOR,MOTO,MASCULINO,35,31-40 años
115,2016-0144,11/7/2016,2016,11,7,PEATON,PEATON,MASCULINO,83,71-100 años
116,2016-0145,11/7/2016,2016,11,7,CONDUCTOR,MOTO,MASCULINO,39,31-40 años
117,2016-0146,11/9/2016,2016,11,9,PEATON,PEATON,FEMENINO,29,21-30 años
118,2016-0147,11/16/2016,2016,11,16,PASAJERO_ACOMPAÑANTE,MOVIL,MASCULINO,55,51-60 años
119,2016-0148,11/16/2016,2016,11,16,CONDUCTOR,MOTO,MASCULINO,30,21-30 años
120,2016-0150,11/18/2016,2016,11,18,PASAJERO_ACOMPAÑANTE,CARGAS,MASCULINO,41,41-50 años
121,2016-0151,11/18/2016,2016,11,18,PEATON,PEATON,MASCULINO,30,21-30 años
122,2016-0152,11/23/2016,2016,11,23,CONDUCTOR,MOTO,MASCULINO,42,41-50 años
123,2016-0153,11/25/2016,2016,11,25,PEATON,PEATON,FEMENINO,83,71-100 años
124,2016-0154,11/26/2016,2016,11,26,CONDUCTOR,MOTO,MASCULINO,38,31-40 años
125,2016-0155,11/26/2016,2016,11,26,PEATON,PEATON,FEMENINO,29,21-30 años
126,2016-0156,11/26/2016,2016,11,26,CONDUCTOR,MOTO,MASCULINO,23,21-30 años
127,2016-0157,12/3/2016,2016,12,3,CONDUCTOR,MOTO,MASCULINO,23,21-30 años
128,2016-0159,12/4/2016,2016,12,4,CONDUCTOR,AUTO,MASCULINO,23,21-30 años
129,2016-0160,12/6/2016,2016,12,6,CONDUCTOR,CARGAS,MASCULINO,29,21-30 años
130,2016-0161,12/6/2016,2016,12,6,PEATON,PEATON,MASCULINO,50,41-50 años
131,2016-0162,12/7/2016,2016,12,7,PEATON,PEATON,MASCULINO,38,31-40 años
132,2016-0163,12/10/2016,2016,12,10,CONDUCTOR,MOTO,MASCULINO,23,21-30 años
133,2016-0164,12/11/2016,2016,12,11,CONDUCTOR,AUTO,MASCULINO,29,21-30 años
134,2016-0165,12/12/2016,2016,12,12,CICLISTA,BICICLETA,MASCULINO,37,31-40 años
135,2016-0168,12/13/2016,2016,12,13,CONDUCTOR,MOTO,MASCULINO,43,41-50 años
136,2016-0169,12/15/2016,2016,12,15,CONDUCTOR,MOTO,MASCULINO,24,21-30 años
137,2016-0170,12/19/2016,2016,12,19,PASAJERO_ACOMPAÑANTE,MOTO,MASCULINO,21,21-30 años
138,2016-0171,12/25/2016,2016,12,25,CONDUCTOR,MOTO,MASCULINO,30,21-30 años
139,2016-0172,12/26/2016,2016,12,26,CONDUCTOR,MOTO,MASCULINO,38,31-40 años
140,2016-0173,12/26/2016,2016,12,26,CONDUCTOR,MOTO,MASCULINO,35,31-40 años
141,2016-0174,12/27/2016,2016,12,27,CONDUCTOR,MOTO,MASCULINO,30,21-30 años
142,2016-0175,12/27/2016,2016,12,27,PEATON,PEATON,FEMENINO,30,21-30 años
143,2016-0176,12/28/2016,2016,12,28,CONDUCTOR,MOTO,MASCULINO,28,21-30 años
144,2016-0177,12/29/2016,2016,12,29,PEATON,PEATON,FEMENINO,27,21-30 años
145,2016-0178,12/30/2016,2016,12,30,PEATON,PEATON,FEMENINO,7,0-20 años
146,2017-0001,1/2/2017,2017,1,2,CONDUCTOR,MOTO,MASCULINO,18,0-20 años
147,2017-0003,1/5/2017,2017,1,5,PASAJERO_ACOMPAÑANTE,CARGAS,MASCULINO,33,31-40 años
148,2017-0007,1/11/2017,2017,1,11,PEATON,PEATON,MASCULINO,48,41-50 años
149,2017-0008,1/16/2017,2017,1,16,CONDUCTOR,MOTO,MASCULINO,29,21-30 años
150,2017-0009,1/16/2017,2017,1,16,CONDUCTOR,MOTO,MASCULINO,36,31-40 años
151,2017-0010,1/16/2017,2017,1,16,CONDUCTOR,MOTO,MASCULINO,23,21-30 años
152,2017-0011,1/22/2017,2017,1,22,PASAJERO_ACOMPAÑANTE,MOTO,FEMENINO,29,21-30 años
153,2017-0012,1/24/2017,2017,1,24,CONDUCTOR,MOTO,MASCULINO,30,21-30 años
154,2017-0013,1/27/2017,2017,1,27,PEATON,PEATON,MASCULINO,4,0-20 años
155,2017-0014,1/28/2017,2017,1,28,PASAJERO_ACOMPAÑANTE,MOTO,FEMENINO,22,21-30 años
156,2017-0015,2/2/2017,2017,2,2,PEATON,PEATON,MASCULINO,82,71-100 años
157,2017-0016,2/3/2017,2017,2,3,CONDUCTOR,MOTO,MASCULINO,27,21-30 años
158,2017-0017,2/6/2017,2017,2,6,CONDUCTOR,MOTO,MASCULINO,32,31-40 años
159,2017-0018,2/9/2017,2017,2,9,CONDUCTOR,MOTO,MASCULINO,30,21-30 años
160,2017-0021,2/18/2017,2017,2,18,CONDUCTOR,MOTO,MASCULINO,43,41-50 años
161,2017-0024,2/23/2017,2017,2,23,PEATON,PEATON,MASCULINO,39,31-40 años
162,2017-0025,2/24/2017,2017,2,24,CONDUCTOR,MOTO,MASCULINO,23,21-30 años
163,2017-0026,2/26/2017,2017,2,26,PASAJERO_ACOMPAÑANTE,AUTO,FEMENINO,23,21-30 años
164,2017-0026,2/26/2017,2017,2,26,CONDUCTOR,AUTO,MASCULINO,19,0-20 años
165,2017-0027,2/26/2017,2017,2,26,PEATON,PEATON,MASCULINO,30,21-30 años
166,2017-0028,2/28/2017,2017,2,28,PEATON,PEATON,MASCULINO,87,71-100 años
167,2017-0029,3/7/2017,2017,3,7,CONDUCTOR,MOTO,MASCULINO,34,31-40 años
168,2017-0030,3/7/2017,2017,3,7,CONDUCTOR,AUTO,FEMENINO,27,21-30 años
169,2017-0031,3/11/2017,2017,3,11,PASAJERO_ACOMPAÑANTE,AUTO,MASCULINO,70,61-70 años
170,2017-0032,3/12/2017,2017,3,12,PASAJERO_ACOMPAÑANTE,AUTO,FEMENINO,40,31-40 años
171,2017-0033,3/12/2017,2017,3,12,CONDUCTOR,AUTO,MASCULINO,28,21-30 años
172,2017-0034,3/13/2017,2017,3,13,PEATON,PEATON,MASCULINO,43,41-50 años
173,2017-0035,3/23/2017,2017,3,23,CONDUCTOR,AUTO,MASCULINO,28,21-30 años
174,2017-0035,3/23/2017,2017,3,23,PASAJERO_ACOMPAÑANTE,AUTO,MASCULINO,32,31-40 años
175,2017-0035,3/23/2017,2017,3,23,PASAJERO_ACOMPAÑANTE,AUTO,MASCULINO,30,21-30 años
176,2017-0036,3/29/2017,2017,3,29,PASAJERO_ACOMPAÑANTE,MOTO,FEMENINO,30,21-30 años
177,2017-0036,3/29/2017,2017,3,29,CONDUCTOR,MOTO,MASCULINO,20,0-20 años
178,2017-0037,3/31/2017,2017,3,31,CONDUCTOR,MOTO,MASCULINO,41,41-50 años
179,2017-0038,4/1/2017,2017,4,1,CONDUCTOR,MOTO,FEMENINO,40,31-40 años
180,2017-0040,4/3/2017,2017,4,3,CONDUCTOR,AUTO,MASCULINO,43,41-50 años
181,2017-0041,4/3/2017,2017,4,3,CONDUCTOR,MOTO,MASCULINO,17,0-20 años
182,2017-0042,4/10/2017,2017,4,10,CONDUCTOR,MOTO,MASCULINO,30,21-30 años
183,2017-0045,4/14/2017,2017,4,14,CONDUCTOR,MOTO,MASCULINO,21,21-30 años
184,2017-0047,4/23/2017,2017,4,23,CONDUCTOR,MOTO,MASCULINO,37,31-40 años
185,2017-0049,4/27/2017,2017,4,27,PEATON,PEATON,MASCULINO,22,21-30 años
186,2017-0050,4/28/2017,2017,4,28,CONDUCTOR,MOTO,MASCULINO,46,41-50 años
187,2017-0050,4/28/2017,2017,4,28,PASAJERO_ACOMPAÑANTE,MOTO,MASCULINO,16,0-20 años
188,2017-0051,5/1/2017,2017,5,1,CONDUCTOR,AUTO,MASCULINO,33,31-40 años
189,2017-0052,5/5/2017,2017,5,5,PEATON,PEATON,FEMENINO,47,41-50 años
190,2017-0053,5/5/2017,2017,5,5,CONDUCTOR,MOTO,MASCULINO,28,21-30 años
191,2017-0054,5/7/2017,2017,5,7,PASAJERO_ACOMPAÑANTE,MOTO,FEMENINO,20,0-20 años
192,2017-0055,5/9/2017,2017,5,9,CONDUCTOR,AUTO,MASCULINO,32,31-40 años
193,2017-0058,5/9/2017,2017,5,9,PEATON,PEATON,MASCULINO,80,71-100 años
194,2017-0059,5/11/2017,2017,5,11,PEATON,PEATON,FEMENINO,39,31-40 años
195,2017-0060,5/13/2017,2017,5,13,PASAJERO_ACOMPAÑANTE,MOTO,MASCULINO,30,21-30 años
196,2017-0061,5/15/2017,2017,5,15,PEATON,PEATON,MASCULINO,47,41-50 años
197,2017-0062,5/15/2017,2017,5,15,CONDUCTOR,MOTO,MASCULINO,35,31-40 años
198,2017-0063,5/17/2017,2017,5,17,PEATON,PEATON,FEMENINO,79,71-100 años
199,2017-0064,5/20/2017,2017,5,20,PASAJERO_ACOMPAÑANTE,CARGAS,MASCULINO,61,61-70 años
200,2017-0065,5/22/2017,2017,5,22,CICLISTA,BICICLETA,MASCULINO,21,21-30 años
201,2017-0066,5/22/2017,2017,5,22,PEATON,PEATON,MASCULINO,10,0-20 años
202,2017-0067,5/23/2017,2017,5,23,CONDUCTOR,MOTO,MASCULINO,21,21-30 años
203,2017-0068,5/27/2017,2017,5,27,CONDUCTOR,MOTO,MASCULINO,32,31-40 años
204,2017-0069,5/29/2017,2017,5,29,CONDUCTOR,MOTO,MASCULINO,39,31-40 años
205,2017-0070,5/30/2017,2017,5,30,PEATON,PEATON,MASCULINO,80,71-100 años
206,2017-0072,6/3/2017,2017,6,3,CONDUCTOR,AUTO,MASCULINO,25,21-30 años
207,2017-0073,6/4/2017,2017,6,4,CONDUCTOR,MOTO,MASCULINO,19,0-20 años
208,2017-0074,6/4/2017,2017,6,4,CONDUCTOR,MOTO,MASCULINO,70,61-70 años
209,2017-0075,6/12/2017,2017,6,12,PEATON,PEATON,MASCULINO,55,51-60 años
210,2017-0076,6/13/2017,2017,6,13,PEATON,PEATON,FEMENINO,30,21-30 años
211,2017-0077,6/17/2017,2017,6,17,CONDUCTOR,MOTO,FEMENINO,60,51-60 años
212,2017-0079,6/19/2017,2017,6,19,CONDUCTOR,MOTO,MASCULINO,33,31-40 años
213,2017-0080,6/22/2017,2017,6,22,PEATON,PEATON,FEMENINO,95,71-100 años
214,2017-0082,6/25/2017,2017,6,25,PEATON,PEATON,MASCULINO,36,31-40 años
215,2017-0083,7/4/2017,2017,7,4,CONDUCTOR,MOTO,MASCULINO,37,31-40 años
216,2017-0084,7/5/2017,2017,7,5,PEATON,PEATON,FEMENINO,73,71-100 años
217,2017-0085,7/7/2017,2017,7,7,PEATON,PEATON,MASCULINO,84,71-100 años
218,2017-0086,7/9/2017,2017,7,9,PEATON,PEATON,FEMENINO,30,21-30 años
219,2017-0087,7/10/2017,2017,7,10,PEATON,PEATON,FEMENINO,73,71-100 años
220,2017-0088,7/10/2017,2017,7,10,PEATON,PEATON,MASCULINO,43,41-50 años
221,2017-0089,7/13/2017,2017,7,13,CONDUCTOR,MOTO,MASCULINO,23,21-30 años
222,2017-0090,7/15/2017,2017,7,15,PEATON,PEATON,MASCULINO,22,21-30 años
223,2017-0091,7/15/2017,2017,7,15,CONDUCTOR,MOTO,MASCULINO,58,51-60 años
224,2017-0092,7/24/2017,2017,7,24,PEATON,PEATON,MASCULINO,66,61-70 años
225,2017-0093,7/25/2017,2017,7,25,PEATON,PEATON,MASCULINO,30,21-30 años
226,2017-0094,7/27/2017,2017,7,27,CICLISTA,BICICLETA,FEMENINO,56,51-60 años
227,2017-0095,8/6/2017,2017,8,6,CONDUCTOR,MOTO,MASCULINO,36,31-40 años
228,2017-0096,8/7/2017,2017,8,7,PEATON,PEATON,MASCULINO,87,71-100 años
229,2017-0098,8/8/2017,2017,8,8,PEATON,PEATON,FEMENINO,61,61-70 años
230,2017-0099,8/17/2017,2017,8,17,CICLISTA,BICICLETA,MASCULINO,28,21-30 años
231,2017-0100,8/21/2017,2017,8,21,PASAJERO_ACOMPAÑANTE,MOTO,FEMENINO,16,0-20 años
232,2017-0101,8/23/2017,2017,8,23,PEATON,PEATON,FEMENINO,61,61-70 años
233,2017-0102,8/24/2017,2017,8,24,PEATON,PEATON,MASCULINO,46,41-50 años
234,2017-0104,8/25/2017,2017,8,25,PEATON,PEATON,FEMENINO,18,0-20 años
235,2017-0106,8/31/2017,2017,8,31,PEATON,PEATON,FEMENINO,85,71-100 años
236,2017-0107,9/1/2017,2017,9,1,CONDUCTOR,MOTO,MASCULINO,41,41-50 años
237,2017-0108,9/2/2017,2017,9,2,PASAJERO_ACOMPAÑANTE,AUTO,MASCULINO,17,0-20 años
238,2017-0108,9/2/2017,2017,9,2,PASAJERO_ACOMPAÑANTE,AUTO,MASCULINO,10,0-20 años
239,2017-0109,9/4/2017,2017,9,4,CONDUCTOR,MOTO,MASCULINO,21,21-30 años
240,2017-0110,9/6/2017,2017,9,6,PEATON,PEATON,MASCULINO,56,51-60 años
241,2017-0111,9/7/2017,2017,9,7,PEATON,PEATON,FEMENINO,79,71-100 años
242,2017-0112,9/10/2017,2017,9,10,PASAJERO_ACOMPAÑANTE,AUTO,MASCULINO,1,0-20 años
243,2017-0112,9/10/2017,2017,9,10,PASAJERO_ACOMPAÑANTE,AUTO,MASCULINO,30,21-30 años
244,2017-0113,9/11/2017,2017,9,11,PEATON,PEATON,FEMENINO,76,71-100 años
245,2017-0114,9/15/2017,2017,9,15,CONDUCTOR,AUTO,MASCULINO,26,21-30 años
246,2017-0115,9/19/2017,2017,9,19,CONDUCTOR,MOTO,MASCULINO,34,31-40 años
247,2017-0116,9/20/2017,2017,9,20,CONDUCTOR,MOTO,MASCULINO,22,21-30 años
248,2017-0118,9/22/2017,2017,9,22,PASAJERO_ACOMPAÑANTE,MOTO,FEMENINO,26,21-30 años
249,2017-0120,10/2/2017,2017,10,2,CONDUCTOR,MOTO,MASCULINO,20,0-20 años
250,2017-0123,10/10/2017,2017,10,10,PEATON,PEATON,FEMENINO,36,31-40 años
251,2017-0124,10/12/2017,2017,10,12,CONDUCTOR,MOTO,MASCULINO,51,51-60 años
252,2017-0125,10/13/2017,2017,10,13,CONDUCTOR,MOTO,MASCULINO,29,21-30 años
253,2017-0126,10/14/2017,2017,10,14,PASAJERO_ACOMPAÑANTE,AUTO,MASCULINO,39,31-40 años
254,2017-0126,10/14/2017,2017,10,14,CONDUCTOR,AUTO,MASCULINO,36,31-40 años
255,2017-0127,10/16/2017,2017,10,16,PASAJERO_ACOMPAÑANTE,MOTO,MASCULINO,24,21-30 años
256,2017-0128,10/17/2017,2017,10,17,PEATON,PEATON,FEMENINO,60,51-60 años
257,2017-0129,10/26/2017,2017,10,26,CONDUCTOR,MOTO,MASCULINO,57,51-60 años
258,2017-0130,10/27/2017,2017,10,27,CONDUCTOR,AUTO,MASCULINO,23,21-30 años
259,2017-0132,10/30/2017,2017,10,30,CONDUCTOR,MOTO,MASCULINO,23,21-30 años
260,2017-0134,11/6/2017,2017,11,6,PEATON,PEATON,FEMENINO,47,41-50 años
261,2017-0135,11/7/2017,2017,11,7,CONDUCTOR,MOTO,MASCULINO,24,21-30 años
262,2017-0136,11/16/2017,2017,11,16,PEATON,PEATON,MASCULINO,55,51-60 años
263,2017-0137,11/17/2017,2017,11,17,PEATON,PEATON,FEMENINO,60,51-60 años
264,2017-0138,11/19/2017,2017,11,19,PASAJERO_ACOMPAÑANTE,MOTO,MASCULINO,25,21-30 años
265,2017-0139,11/19/2017,2017,11,19,PASAJERO_ACOMPAÑANTE,AUTO,FEMENINO,15,0-20 años
266,2017-0140,11/19/2017,2017,11,19,CONDUCTOR,MOTO,MASCULINO,24,21-30 años
267,2017-0141,11/23/2017,2017,11,23,PEATON,PEATON,FEMENINO,22,21-30 años
268,2017-0143,11/25/2017,2017,11,25,CONDUCTOR,AUTO,MASCULINO,50,41-50 años
269,2017-0144,11/26/2017,2017,11,26,PASAJERO_ACOMPAÑANTE,AUTO,FEMENINO,50,41-50 años
270,2017-0145,11/26/2017,2017,11,26,CONDUCTOR,MOTO,MASCULINO,58,51-60 años
271,2017-0147,11/28/2017,2017,11,28,CONDUCTOR,MOTO,MASCULINO,49,41-50 años
272,2017-0148,11/29/2017,2017,11,29,PEATON,PEATON,FEMENINO,82,71-100 años
273,2017-0149,11/30/2017,2017,11,30,PEATON,PEATON,MASCULINO,13,0-20 años
274,2017-0150,12/4/2017,2017,12,4,PEATON,PEATON,MASCULINO,56,51-60 años
275,2017-0151,12/4/2017,2017,12,4,PEATON,PEATON,MASCULINO,30,21-30 años
276,2017-0152,12/6/2017,2017,12,6,CICLISTA,BICICLETA,MASCULINO,19,0-20 años
277,2017-0153,12/11/2017,2017,12,11,PASAJERO_ACOMPAÑANTE,MOTO,MASCULINO,30,21-30 años
278,2017-0153,12/11/2017,2017,12,11,CONDUCTOR,MOTO,MASCULINO,30,21-30 años
279,2017-0154,12/11/2017,2017,12,11,PEATON,PEATON,MASCULINO,76,71-100 años
280,2017-0155,12/12/2017,2017,12,12,CONDUCTOR,MOTO,MASCULINO,77,71-100 años
281,2017-0157,12/17/2017,2017,12,17,CONDUCTOR,AUTO,MASCULINO,53,51-60 años
282,2017-0158,12/18/2017,2017,12,18,CONDUCTOR,MOTO,MASCULINO,32,31-40 años
283,2017-0159,12/20/2017,2017,12,20,CONDUCTOR,MOTO,MASCULINO,27,21-30 años
284,2017-0160,12/22/2017,2017,12,22,PEATON,PEATON,FEMENINO,30,21-30 años
285,2017-0161,12/26/2017,2017,12,26,PEATON,PEATON,FEMENINO,30,21-30 años
286,2018-0001,1/1/2018,2018,1,1,PEATON,PEATON,MASCULINO,83,71-100 años
287,2018-0002,1/3/2018,2018,1,3,CICLISTA,BICICLETA,FEMENINO,26,21-30 años
288,2018-0003,1/5/2018,2018,1,5,PEATON,PEATON,FEMENINO,58,51-60 años
289,2018-0004,1/9/2018,2018,1,9,CONDUCTOR,MOTO,MASCULINO,39,31-40 años
290,2018-0005,1/9/2018,2018,1,9,PEATON,PEATON,MASCULINO,54,51-60 años
291,2018-0006,1/10/2018,2018,1,10,CICLISTA,BICICLETA,FEMENINO,45,41-50 años
292,2018-0007,1/11/2018,2018,1,11,CONDUCTOR,AUTO,MASCULINO,46,41-50 años
293,2018-0008,1/12/2018,2018,1,12,CONDUCTOR,MOTO,FEMENINO,32,31-40 años
294,2018-0009,1/14/2018,2018,1,14,CONDUCTOR,MOTO,MASCULINO,19,0-20 años
295,2018-0010,1/18/2018,2018,1,18,CONDUCTOR,MOTO,MASCULINO,40,31-40 años
296,2018-0011,1/19/2018,2018,1,19,PEATON,PEATON,MASCULINO,84,71-100 años
297,2018-0012,1/26/2018,2018,1,26,CONDUCTOR,MOTO,MASCULINO,20,0-20 años
298,2018-0013,1/28/2018,2018,1,28,CONDUCTOR,MOTO,MASCULINO,44,41-50 años
299,2018-0014,1/31/2018,2018,1,31,PEATON,PEATON,MASCULINO,30,21-30 años
300,2018-0015,2/6/2018,2018,2,6,CONDUCTOR,MOTO,MASCULINO,28,21-30 años
301,2018-0015,2/6/2018,2018,2,6,PASAJERO_ACOMPAÑANTE,MOTO,MASCULINO,19,0-20 años
302,2018-0016,2/15/2018,2018,2,15,CONDUCTOR,MOTO,MASCULINO,31,31-40 años
303,2018-0017,2/17/2018,2018,2,17,PEATON,PEATON,MASCULINO,35,31-40 años
304,2018-0018,2/17/2018,2018,2,17,CONDUCTOR,MOTO,MASCULINO,26,21-30 años
305,2018-0019,2/17/2018,2018,2,17,PEATON,PEATON,FEMENINO,80,71-100 años
306,2018-0020,2/19/2018,2018,2,19,CONDUCTOR,MOTO,MASCULINO,26,21-30 años
307,2018-0021,2/22/2018,2018,2,22,PEATON,PEATON,FEMENINO,62,61-70 años
308,2018-0022,2/24/2018,2018,2,24,CONDUCTOR,MOTO,MASCULINO,28,21-30 años
309,2018-0023,2/24/2018,2018,2,24,CONDUCTOR,MOTO,MASCULINO,28,21-30 años
310,2018-0024,2/28/2018,2018,2,28,PEATON,PEATON,MASCULINO,70,61-70 años
311,2018-0025,3/4/2018,2018,3,4,PEATON,PEATON,MASCULINO,70,61-70 años
312,2018-0026,3/9/2018,2018,3,9,CONDUCTOR,MOVIL,MASCULINO,24,21-30 años
313,2018-0026,3/9/2018,2018,3,9,PASAJERO_ACOMPAÑANTE,MOVIL,MASCULINO,30,21-30 años
314,2018-0027,3/11/2018,2018,3,11,PEATON,PEATON,FEMENINO,74,71-100 años
315,2018-0028,3/13/2018,2018,3,13,PEATON,PEATON,MASCULINO,71,71-100 años
316,2018-0029,3/15/2018,2018,3,15,CONDUCTOR,MOTO,MASCULINO,26,21-30 años
317,2018-0030,3/20/2018,2018,3,20,CONDUCTOR,MOTO,MASCULINO,24,21-30 años
318,2018-0031,3/28/2018,2018,3,28,CONDUCTOR,MOTO,MASCULINO,31,31-40 años
319,2018-0032,4/2/2018,2018,4,2,PEATON,PEATON,MASCULINO,70,61-70 años
320,2018-0033,4/7/2018,2018,4,7,CONDUCTOR,MOTO,FEMENINO,42,41-50 años
321,2018-0034,4/11/2018,2018,4,11,PEATON,PEATON,MASCULINO,24,21-30 años
322,2018-0035,4/12/2018,2018,4,12,PEATON,PEATON,FEMENINO,39,31-40 años
323,2018-0036,4/13/2018,2018,4,13,CONDUCTOR,MOTO,MASCULINO,37,31-40 años
324,2018-0037,4/18/2018,2018,4,18,PEATON,PEATON,MASCULINO,84,71-100 años
325,2018-0038,4/20/2018,2018,4,20,PEATON,PEATON,FEMENINO,59,51-60 años
326,2018-0038,4/20/2018,2018,4,20,PEATON,PEATON,MASCULINO,61,61-70 años
327,2018-0039,4/21/2018,2018,4,21,PEATON,PEATON,MASCULINO,37,31-40 años
328,2018-0040,4/27/2018,2018,4,27,PEATON,PEATON,FEMENINO,30,21-30 años
329,2018-0041,4/27/2018,2018,4,27,PEATON,PEATON,FEMENINO,78,71-100 años
330,2018-0042,4/27/2018,2018,4,27,PASAJERO_ACOMPAÑANTE,MOTO,MASCULINO,23,21-30 años
331,2018-0043,4/28/2018,2018,4,28,CONDUCTOR,MOTO,MASCULINO,25,21-30 años
332,2018-0044,4/28/2018,2018,4,28,PEATON,PEATON,FEMENINO,50,41-50 años
333,2018-0045,4/30/2018,2018,4,30,CONDUCTOR,AUTO,MASCULINO,60,51-60 años
334,2018-0046,5/2/2018,2018,5,2,PEATON,PEATON,MASCULINO,11,0-20 años
335,2018-0047,5/8/2018,2018,5,8,PEATON,PEATON,MASCULINO,82,71-100 años
336,2018-0048,5/9/2018,2018,5,9,PEATON,PEATON,MASCULINO,57,51-60 años
337,2018-0049,5/11/2018,2018,5,11,PEATON,PEATON,FEMENINO,40,31-40 años
338,2018-0050,5/14/2018,2018,5,14,PEATON,PEATON,FEMENINO,47,41-50 años
339,2018-0051,5/15/2018,2018,5,15,PEATON,PEATON,FEMENINO,57,51-60 años
340,2018-0052,5/18/2018,2018,5,18,PEATON,PEATON,MASCULINO,78,71-100 años
341,2018-0053,5/20/2018,2018,5,20,CONDUCTOR,MOTO,MASCULINO,43,41-50 años
342,2018-0054,5/22/2018,2018,5,22,PEATON,PEATON,FEMENINO,86,71-100 años
343,2018-0055,5/29/2018,2018,5,29,CONDUCTOR,MOTO,MASCULINO,21,21-30 años
344,2018-0056,6/2/2018,2018,6,2,PEATON,PEATON,FEMENINO,69,61-70 años
345,2018-0057,6/3/2018,2018,6,3,CONDUCTOR,MOTO,MASCULINO,33,31-40 años
346,2018-0058,6/3/2018,2018,6,3,CONDUCTOR,MOTO,MASCULINO,26,21-30 años
347,2018-0059,6/8/2018,2018,6,8,CONDUCTOR,MOTO,MASCULINO,54,51-60 años
348,2018-0060,6/8/2018,2018,6,8,PEATON,PEATON,MASCULINO,51,51-60 años
349,2018-0061,6/10/2018,2018,6,10,CONDUCTOR,MOTO,MASCULINO,51,51-60 años
350,2018-0062,6/14/2018,2018,6,14,PEATON,PEATON,MASCULINO,32,31-40 años
351,2018-0063,6/16/2018,2018,6,16,PEATON,PEATON,FEMENINO,28,21-30 años
352,2018-0064,6/25/2018,2018,6,25,CONDUCTOR,AUTO,MASCULINO,30,21-30 años
353,2018-0065,6/26/2018,2018,6,26,CONDUCTOR,MOTO,MASCULINO,35,31-40 años
354,2018-0066,6/28/2018,2018,6,28,PEATON,PEATON,MASCULINO,73,71-100 años
355,2018-0067,6/29/2018,2018,6,29,PASAJERO_ACOMPAÑANTE,PASAJEROS,FEMENINO,81,71-100 años
356,2018-0068,7/1/2018,2018,7,1,CONDUCTOR,MOTO,MASCULINO,21,21-30 años
357,2018-0069,7/4/2018,2018,7,4,CICLISTA,BICICLETA,MASCULINO,20,0-20 años
358,2018-0070,7/7/2018,2018,7,7,CONDUCTOR,MOTO,MASCULINO,33,31-40 años
359,2018-0071,7/10/2018,2018,7,10,CONDUCTOR,MOTO,MASCULINO,30,21-30 años
360,2018-0072,7/11/2018,2018,7,11,CONDUCTOR,MOTO,MASCULINO,27,21-30 años
361,2018-0073,7/11/2018,2018,7,11,PEATON,PEATON,FEMENINO,67,61-70 años
362,2018-0074,7/14/2018,2018,7,14,CONDUCTOR,AUTO,MASCULINO,25,21-30 años
363,2018-0075,7/15/2018,2018,7,15,PEATON,PEATON,MASCULINO,23,21-30 años
364,2018-0076,7/16/2018,2018,7,16,CONDUCTOR,AUTO,MASCULINO,73,71-100 años
365,2018-0077,7/16/2018,2018,7,16,CONDUCTOR,AUTO,MASCULINO,58,51-60 años
366,2018-0078,7/21/2018,2018,7,21,PEATON,PEATON,MASCULINO,27,21-30 años
367,2018-0079,7/23/2018,2018,7,23,PEATON,PEATON,MASCULINO,30,21-30 años
368,2018-0080,7/25/2018,2018,7,25,PEATON,PEATON,MASCULINO,26,21-30 años
369,2018-0081,7/29/2018,2018,7,29,PEATON,PEATON,MASCULINO,35,31-40 años
370,2018-0082,8/1/2018,2018,8,1,CONDUCTOR,MOTO,FEMENINO,17,0-20 años
371,2018-0083,8/2/2018,2018,8,2,CONDUCTOR,MOTO,MASCULINO,30,21-30 años
372,2018-0084,8/3/2018,2018,8,3,PEATON,PEATON,MASCULINO,45,41-50 años
373,2018-0085,8/3/2018,2018,8,3,PASAJERO_ACOMPAÑANTE,MOTO,FEMENINO,22,21-30 años
374,2018-0085,8/3/2018,2018,8,3,CONDUCTOR,MOTO,MASCULINO,30,21-30 años
375,2018-0086,8/10/2018,2018,8,10,PEATON,PEATON,MASCULINO,40,31-40 años
376,2018-0087,8/15/2018,2018,8,15,PEATON,PEATON,MASCULINO,75,71-100 años
377,2018-0088,8/17/2018,2018,8,17,CONDUCTOR,MOTO,MASCULINO,30,21-30 años
378,2018-0089,8/17/2018,2018,8,17,PEATON,PEATON,MASCULINO,80,71-100 años
379,2018-0090,8/18/2018,2018,8,18,CONDUCTOR,MOTO,MASCULINO,27,21-30 años
380,2018-0091,8/19/2018,2018,8,19,PASAJERO_ACOMPAÑANTE,AUTO,FEMENINO,23,21-30 años
381,2018-0092,8/20/2018,2018,8,20,CONDUCTOR,MOTO,MASCULINO,23,21-30 años
382,2018-0093,8/20/2018,2018,8,20,PEATON,PEATON,MASCULINO,24,21-30 años
383,2018-0094,8/23/2018,2018,8,23,CONDUCTOR,MOTO,MASCULINO,32,31-40 años
384,2018-0095,8/26/2018,2018,8,26,PASAJERO_ACOMPAÑANTE,AUTO,FEMENINO,49,41-50 años
385,2018-0096,8/31/2018,2018,8,31,PEATON,PEATON,MASCULINO,39,31-40 años
386,2018-0097,9/2/2018,2018,9,2,CONDUCTOR,AUTO,FEMENINO,35,31-40 años
387,2018-0098,9/9/2018,2018,9,9,CONDUCTOR,AUTO,MASCULINO,55,51-60 años
388,2018-0098,9/9/2018,2018,9,9,PASAJERO_ACOMPAÑANTE,AUTO,MASCULINO,54,51-60 años
389,2018-0099,9/12/2018,2018,9,12,PEATON,PEATON,MASCULINO,18,0-20 años
390,2018-0100,9/20/2018,2018,9,20,CONDUCTOR,MOTO,FEMENINO,33,31-40 años
391,2018-0101,9/21/2018,2018,9,21,CONDUCTOR,AUTO,MASCULINO,30,21-30 años
392,2018-0102,9/21/2018,2018,9,21,CONDUCTOR,MOTO,MASCULINO,20,0-20 años
393,2018-0103,9/27/2018,2018,9,27,PEATON,PEATON,MASCULINO,1,0-20 años
394,2018-0104,10/1/2018,2018,10,1,CONDUCTOR,MOTO,MASCULINO,22,21-30 años
395,2018-0105,10/3/2018,2018,10,3,PEATON,PEATON,FEMENINO,56,51-60 años
396,2018-0106,10/4/2018,2018,10,4,CONDUCTOR,MOTO,MASCULINO,27,21-30 años
397,2018-0107,10/6/2018,2018,10,6,PEATON,PEATON,FEMENINO,62,61-70 años
398,2018-0108,10/9/2018,2018,10,9,CONDUCTOR,MOTO,MASCULINO,37,31-40 años
399,2018-0109,10/10/2018,2018,10,10,PEATON,PEATON,MASCULINO,34,31-40 años
400,2018-0110,10/13/2018,2018,10,13,PEATON,PEATON,MASCULINO,60,51-60 años
401,2018-0111,10/19/2018,2018,10,19,CONDUCTOR,MOTO,MASCULINO,28,21-30 años
402,2018-0112,10/24/2018,2018,10,24,CONDUCTOR,MOTO,FEMENINO,28,21-30 años
403,2018-0113,10/25/2018,2018,10,25,CONDUCTOR,MOTO,MASCULINO,20,0-20 años
404,2018-0114,10/30/2018,2018,10,30,CONDUCTOR,MOTO,MASCULINO,23,21-30 años
405,2018-0115,10/31/2018,2018,10,31,PEATON,PEATON,MASCULINO,42,41-50 años
406,2018-0116,11/1/2018,2018,11,1,PEATON,PEATON,MASCULINO,48,41-50 años
407,2018-0117,11/4/2018,2018,11,4,CONDUCTOR,MOTO,MASCULINO,30,21-30 años
408,2018-0118,11/5/2018,2018,11,5,PEATON,PEATON,FEMENINO,80,71-100 años
409,2018-0119,11/5/2018,2018,11,5,PEATON,PEATON,FEMENINO,32,31-40 años
410,2018-0120,11/9/2018,2018,11,9,PEATON,PEATON,FEMENINO,51,51-60 años
411,2018-0121,11/9/2018,2018,11,9,PEATON,PEATON,FEMENINO,72,71-100 años
412,2018-0122,11/12/2018,2018,11,12,CONDUCTOR,AUTO,MASCULINO,33,31-40 años
413,2018-0123,11/12/2018,2018,11,12,CONDUCTOR,AUTO,MASCULINO,25,21-30 años
414,2018-0124,11/15/2018,2018,11,15,CONDUCTOR,CARGAS,MASCULINO,44,41-50 años
415,2018-0125,11/16/2018,2018,11,16,PEATON,PEATON,MASCULINO,29,21-30 años
416,2018-0126,11/18/2018,2018,11,18,CONDUCTOR,MOTO,MASCULINO,27,21-30 años
417,2018-0127,11/19/2018,2018,11,19,CONDUCTOR,MOTO,MASCULINO,29,21-30 años
418,2018-0128,11/25/2018,2018,11,25,PASAJERO_ACOMPAÑANTE,AUTO,MASCULINO,49,41-50 años
419,2018-0128,11/25/2018,2018,11,25,PASAJERO_ACOMPAÑANTE,AUTO,FEMENINO,39,31-40 años
420,2018-0129,11/28/2018,2018,11,28,CONDUCTOR,MOTO,MASCULINO,37,31-40 años
421,2018-0130,12/3/2018,2018,12,3,CONDUCTOR,MOTO,MASCULINO,30,21-30 años
422,2018-0131,12/7/2018,2018,12,7,CONDUCTOR,MOTO,MASCULINO,29,21-30 años
423,2018-0132,12/12/2018,2018,12,12,PEATON,PEATON,MASCULINO,70,61-70 años
424,2018-0133,12/12/2018,2018,12,12,PEATON,PEATON,FEMENINO,60,51-60 años
425,2018-0134,12/12/2018,2018,12,12,PEATON,PEATON,MASCULINO,56,51-60 años
426,2018-0135,12/18/2018,2018,12,18,PEATON,PEATON,MASCULINO,80,71-100 años
427,2018-0136,12/18/2018,2018,12,18,PEATON,PEATON,FEMENINO,70,61-70 años
428,2018-0137,12/18/2018,2018,12,18,PASAJERO_ACOMPAÑANTE,MOTO,MASCULINO,29,21-30 años
429,2018-0138,12/21/2018,2018,12,21,PASAJERO_ACOMPAÑANTE,PASAJEROS,FEMENINO,79,71-100 años
430,2018-0139,12/22/2018,2018,12,22,PASAJERO_ACOMPAÑANTE,MOTO,MASCULINO,28,21-30 años
431,2018-0140,12/22/2018,2018,12,22,CONDUCTOR,AUTO,MASCULINO,78,71-100 años
432,2018-0141,12/22/2018,2018,12,22,PEATON,PEATON,MASCULINO,75,71-100 años
433,2018-0142,12/25/2018,2018,12,25,PASAJERO_ACOMPAÑANTE,CARGAS,MASCULINO,32,31-40 años
434,2018-0143,12/29/2018,2018,12,29,CONDUCTOR,MOTO,MASCULINO,22,21-30 años
435,2019-0001,1/8/2019,2019,1,8,CONDUCTOR,MOTO,MASCULINO,25,21-30 años
436,2019-0002,1/9/2019,2019,1,9,CONDUCTOR,AUTO,MASCULINO,32,31-40 años
437,2019-0003,1/12/2019,2019,1,12,CONDUCTOR,MOTO,MASCULINO,23,21-30 años
438,2019-0004,1/14/2019,2019,1,14,CONDUCTOR,AUTO,MASCULINO,71,71-100 años
439,2019-0005,1/19/2019,2019,1,19,CONDUCTOR,MOTO,MASCULINO,43,41-50 años
440,2019-0006,1/23/2019,2019,1,23,PEATON,PEATON,FEMENINO,12,0-20 años
441,2019-0007,1/26/2019,2019,1,26,CONDUCTOR,MOTO,MASCULINO,35,31-40 años
442,2019-0008,1/30/2019,2019,1,30,CONDUCTOR,MOTO,MASCULINO,42,41-50 años
443,2019-0009,1/31/2019,2019,1,31,CONDUCTOR,MOTO,MASCULINO,34,31-40 años
444,2019-0010,2/2/2019,2019,2,2,PEATON,PEATON,MASCULINO,30,21-30 años
445,2019-0010,2/2/2019,2019,2,2,PEATON,PEATON,MASCULINO,59,51-60 años
446,2019-0011,2/10/2019,2019,2,10,PEATON,PEATON,MASCULINO,30,21-30 años
447,2019-0012,2/17/2019,2019,2,17,CONDUCTOR,MOTO,MASCULINO,31,31-40 años
448,2019-0013,2/20/2019,2019,2,20,PEATON,PEATON,MASCULINO,39,31-40 años
449,2019-0014,2/20/2019,2019,2,20,CONDUCTOR,MOTO,MASCULINO,69,61-70 años
450,2019-0015,2/23/2019,2019,2,23,CONDUCTOR,AUTO,MASCULINO,21,21-30 años
451,2019-0016,2/24/2019,2019,2,24,CONDUCTOR,MOTO,MASCULINO,40,31-40 años
452,2019-0017,3/3/2019,2019,3,3,CONDUCTOR,AUTO,MASCULINO,22,21-30 años
453,2019-0018,3/3/2019,2019,3,3,PEATON,PEATON,FEMENINO,29,21-30 años
454,2019-0019,3/6/2019,2019,3,6,CONDUCTOR,MOTO,MASCULINO,30,21-30 años
455,2019-0020,3/7/2019,2019,3,7,CONDUCTOR,MOTO,MASCULINO,43,41-50 años
456,2019-0021,3/15/2019,2019,3,15,CONDUCTOR,MOTO,MASCULINO,23,21-30 años
457,2019-0022,3/15/2019,2019,3,15,PASAJERO_ACOMPAÑANTE,AUTO,MASCULINO,30,21-30 años
458,2019-0023,3/16/2019,2019,3,16,CONDUCTOR,AUTO,MASCULINO,34,31-40 años
459,2019-0024,3/19/2019,2019,3,19,CONDUCTOR,MOTO,MASCULINO,32,31-40 años
460,2019-0025,3/22/2019,2019,3,22,PEATON,PEATON,MASCULINO,27,21-30 años
461,2019-0026,3/28/2019,2019,3,28,PEATON,PEATON,MASCULINO,30,21-30 años
462,2019-0027,3/28/2019,2019,3,28,CICLISTA,BICICLETA,MASCULINO,37,31-40 años
463,2019-0028,4/6/2019,2019,4,6,PEATON,PEATON,FEMENINO,30,21-30 años
464,2019-0029,4/7/2019,2019,4,7,CONDUCTOR,MOTO,MASCULINO,27,21-30 años
465,2019-0030,4/9/2019,2019,4,9,CONDUCTOR,MOTO,MASCULINO,25,21-30 años
466,2019-0031,4/12/2019,2019,4,12,CICLISTA,BICICLETA,MASCULINO,20,0-20 años
467,2019-0032,4/16/2019,2019,4,16,PEATON,PEATON,FEMENINO,83,71-100 años
468,2019-0033,4/18/2019,2019,4,18,CONDUCTOR,MOTO,MASCULINO,25,21-30 años
469,2019-0034,4/21/2019,2019,4,21,CONDUCTOR,MOTO,MASCULINO,30,21-30 años
470,2019-0035,4/23/2019,2019,4,23,PEATON,PEATON,FEMENINO,75,71-100 años
471,2019-0036,4/26/2019,2019,4,26,CONDUCTOR,MOTO,MASCULINO,34,31-40 años
472,2019-0037,5/1/2019,2019,5,1,CONDUCTOR,MOTO,MASCULINO,17,0-20 años
473,2019-0038,5/4/2019,2019,5,4,PEATON,PEATON,FEMENINO,42,41-50 años
474,2019-0105,5/5/2019,2019,5,5,PEATON,PEATON,FEMENINO,82,71-100 años
475,2019-0039,5/9/2019,2019,5,9,CONDUCTOR,MOTO,MASCULINO,28,21-30 años
476,2019-0040,5/9/2019,2019,5,9,CONDUCTOR,MOTO,MASCULINO,44,41-50 años
477,2019-0041,5/11/2019,2019,5,11,PASAJERO_ACOMPAÑANTE,AUTO,FEMENINO,78,71-100 años
478,2019-0042,5/14/2019,2019,5,14,PEATON,PEATON,MASCULINO,39,31-40 años
479,2019-0043,5/21/2019,2019,5,21,CICLISTA,BICICLETA,FEMENINO,30,21-30 años
480,2019-0044,5/27/2019,2019,5,27,PEATON,PEATON,FEMENINO,77,71-100 años
481,2019-0045,6/3/2019,2019,6,3,CONDUCTOR,MOTO,MASCULINO,33,31-40 años
482,2019-0046,6/4/2019,2019,6,4,PASAJERO_ACOMPAÑANTE,MOTO,FEMENINO,26,21-30 años
483,2019-0047,6/6/2019,2019,6,6,PEATON,PEATON,MASCULINO,76,71-100 años
484,2019-0048,6/7/2019,2019,6,7,CONDUCTOR,MOTO,MASCULINO,32,31-40 años
485,2019-0049,6/8/2019,2019,6,8,PEATON,PEATON,FEMENINO,72,71-100 años
486,2019-0050,6/8/2019,2019,6,8,CONDUCTOR,MOTO,MASCULINO,21,21-30 años
487,2019-0051,6/11/2019,2019,6,11,CONDUCTOR,MOTO,MASCULINO,41,41-50 años
488,2019-0053,6/14/2019,2019,6,14,PASAJERO_ACOMPAÑANTE,AUTO,MASCULINO,49,41-50 años
489,2019-0054,6/20/2019,2019,6,20,CONDUCTOR,MOTO,MASCULINO,21,21-30 años
490,2019-0055,6/20/2019,2019,6,20,CONDUCTOR,MOTO,MASCULINO,47,41-50 años
491,2019-0056,6/29/2019,2019,6,29,PEATON,PEATON,FEMENINO,75,71-100 años
492,2019-0057,7/5/2019,2019,7,5,PEATON,PEATON,FEMENINO,63,61-70 años
493,2019-0058,7/10/2019,2019,7,10,CONDUCTOR,MOTO,MASCULINO,39,31-40 años
494,2019-0059,7/13/2019,2019,7,13,CONDUCTOR,MOTO,MASCULINO,30,21-30 años
495,2019-0060,7/17/2019,2019,7,17,PEATON,PEATON,FEMENINO,78,71-100 años
496,2019-0061,7/17/2019,2019,7,17,PEATON,PEATON,FEMENINO,58,51-60 años
497,2019-0062,8/1/2019,2019,8,1,PEATON,PEATON,FEMENINO,60,51-60 años
498,2019-0063,8/4/2019,2019,8,4,PASAJERO_ACOMPAÑANTE,MOTO,MASCULINO,30,21-30 años
499,2019-0064,8/6/2019,2019,8,6,CONDUCTOR,MOTO,MASCULINO,20,0-20 años
500,2019-0065,8/8/2019,2019,8,8,PEATON,PEATON,FEMENINO,55,51-60 años
501,2019-0066,8/11/2019,2019,8,11,PEATON,PEATON,MASCULINO,40,31-40 años
502,2019-0067,8/14/2019,2019,8,14,CONDUCTOR,MOTO,MASCULINO,35,31-40 años
503,2019-0068,8/14/2019,2019,8,14,CONDUCTOR,MOTO,MASCULINO,53,51-60 años
504,2019-0069,8/17/2019,2019,8,17,CONDUCTOR,MOTO,MASCULINO,43,41-50 años
505,2019-0070,8/22/2019,2019,8,22,CONDUCTOR,MOTO,MASCULINO,25,21-30 años
506,2019-0071,8/27/2019,2019,8,27,PEATON,PEATON,MASCULINO,30,21-30 años
507,2019-0072,8/28/2019,2019,8,28,CONDUCTOR,AUTO,MASCULINO,22,21-30 años
508,2019-0073,8/29/2019,2019,8,29,CONDUCTOR,AUTO,MASCULINO,29,21-30 años
509,2019-0074,8/29/2019,2019,8,29,CONDUCTOR,MOTO,MASCULINO,35,31-40 años
510,2019-0075,8/30/2019,2019,8,30,CONDUCTOR,MOTO,MASCULINO,31,31-40 años
511,2019-0076,9/5/2019,2019,9,5,CONDUCTOR,MOTO,FEMENINO,29,21-30 años
512,2019-0077,9/8/2019,2019,9,8,PEATON,PEATON,FEMENINO,28,21-30 años
513,2019-0078,9/12/2019,2019,9,12,PEATON,PEATON,FEMENINO,72,71-100 años
514,2019-0079,9/17/2019,2019,9,17,CONDUCTOR,MOTO,MASCULINO,57,51-60 años
515,2019-0080,9/17/2019,2019,9,17,PEATON,PEATON,MASCULINO,76,71-100 años
516,2019-0081,9/23/2019,2019,9,23,PEATON,PEATON,MASCULINO,67,61-70 años
517,2019-0082,9/25/2019,2019,9,25,CICLISTA,BICICLETA,MASCULINO,47,41-50 años
518,2019-0083,9/26/2019,2019,9,26,CONDUCTOR,AUTO,MASCULINO,73,71-100 años
519,2019-0084,9/27/2019,2019,9,27,CICLISTA,BICICLETA,FEMENINO,40,31-40 años
520,2019-0085,10/9/2019,2019,10,9,CICLISTA,BICICLETA,MASCULINO,20,0-20 años
521,2019-0086,10/15/2019,2019,10,15,CONDUCTOR,MOTO,MASCULINO,29,21-30 años
522,2019-0087,10/21/2019,2019,10,21,CONDUCTOR,MOTO,MASCULINO,41,41-50 años
523,2019-0088,10/22/2019,2019,10,22,PEATON,PEATON,MASCULINO,27,21-30 años
524,2019-0089,10/23/2019,2019,10,23,PEATON,PEATON,FEMENINO,92,71-100 años
525,2019-0090,10/24/2019,2019,10,24,PEATON,PEATON,MASCULINO,67,61-70 años
526,2019-0091,11/1/2019,2019,11,1,PEATON,PEATON,MASCULINO,35,31-40 años
527,2019-0092,11/3/2019,2019,11,3,PEATON,PEATON,MASCULINO,37,31-40 años
528,2019-0093,11/13/2019,2019,11,13,CICLISTA,BICICLETA,MASCULINO,16,0-20 años
529,2019-0094,11/18/2019,2019,11,18,PASAJERO_ACOMPAÑANTE,MOTO,FEMENINO,30,21-30 años
530,2019-0095,11/20/2019,2019,11,20,CONDUCTOR,MOTO,MASCULINO,30,21-30 años
531,2019-0096,11/22/2019,2019,11,22,PEATON,PEATON,MASCULINO,73,71-100 años
532,2019-0097,11/25/2019,2019,11,25,PASAJERO_ACOMPAÑANTE,MOTO,FEMENINO,23,21-30 años
533,2019-0098,11/25/2019,2019,11,25,PASAJERO_ACOMPAÑANTE,PASAJEROS,FEMENINO,61,61-70 años
534,2019-0100,12/5/2019,2019,12,5,CONDUCTOR,MOTO,MASCULINO,38,31-40 años
535,2019-0101,12/17/2019,2019,12,17,CONDUCTOR,MOTO,MASCULINO,25,21-30 años
536,2019-0102,12/17/2019,2019,12,17,CONDUCTOR,MOTO,MASCULINO,18,0-20 años
537,2019-0103,12/18/2019,2019,12,18,CONDUCTOR,MOTO,MASCULINO,24,21-30 años
538,2019-0104,12/21/2019,2019,12,21,PASAJERO_ACOMPAÑANTE,MOTO,FEMENINO,23,21-30 años
539,2020-0001,1/4/2020,2020,1,4,PEATON,PEATON,FEMENINO,87,71-100 años
540,2020-0002,1/5/2020,2020,1,5,CONDUCTOR,MOTO,MASCULINO,36,31-40 años
541,2020-0003,1/11/2020,2020,1,11,PEATON,PEATON,MASCULINO,44,41-50 años
542,2020-0004,1/14/2020,2020,1,14,PEATON,PEATON,MASCULINO,82,71-100 años
543,2020-0005,1/14/2020,2020,1,14,CONDUCTOR,MOTO,MASCULINO,25,21-30 años
544,2020-0006,1/20/2020,2020,1,20,CONDUCTOR,MOTO,MASCULINO,23,21-30 años
545,2020-0007,1/27/2020,2020,1,27,PEATON,PEATON,MASCULINO,52,51-60 años
546,2020-0008,1/30/2020,2020,1,30,CONDUCTOR,MOTO,MASCULINO,49,41-50 años
547,2020-0009,2/4/2020,2020,2,4,PEATON,PEATON,MASCULINO,48,41-50 años
548,2020-0010,2/8/2020,2020,2,8,CONDUCTOR,MOTO,MASCULINO,30,21-30 años
549,2020-0011,2/12/2020,2020,2,12,CONDUCTOR,MOTO,MASCULINO,31,31-40 años
550,2020-0012,2/18/2020,2020,2,18,PEATON,PEATON,FEMENINO,66,61-70 años
551,2020-0013,2/20/2020,2020,2,20,PEATON,PEATON,FEMENINO,58,51-60 años
552,2020-0014,2/27/2020,2020,2,27,CONDUCTOR,MOTO,MASCULINO,30,21-30 años
553,2020-0015,2/28/2020,2020,2,28,CONDUCTOR,MOTO,MASCULINO,29,21-30 años
554,2020-0016,2/29/2020,2020,2,29,PEATON,PEATON,MASCULINO,68,61-70 años
555,2020-0017,3/5/2020,2020,3,5,PEATON,PEATON,MASCULINO,30,21-30 años
556,2020-0018,3/9/2020,2020,3,9,CONDUCTOR,MOTO,MASCULINO,31,31-40 años
557,2020-0019,3/10/2020,2020,3,10,PEATON,PEATON,FEMENINO,80,71-100 años
558,2020-0020,3/13/2020,2020,3,13,PEATON,PEATON,FEMENINO,74,71-100 años
559,2020-0021,3/14/2020,2020,3,14,PEATON,PEATON,FEMENINO,87,71-100 años
560,2020-0022,4/7/2020,2020,4,7,PASAJERO_ACOMPAÑANTE,AUTO,MASCULINO,44,41-50 años
561,2020-0023,4/9/2020,2020,4,9,CONDUCTOR,AUTO,MASCULINO,44,41-50 años
562,2020-0024,4/24/2020,2020,4,24,CONDUCTOR,AUTO,MASCULINO,53,51-60 años
563,2020-0025,5/12/2020,2020,5,12,PEATON,PEATON,MASCULINO,30,21-30 años
564,2020-0026,5/17/2020,2020,5,17,CONDUCTOR,MOTO,MASCULINO,28,21-30 años
565,2020-0027,5/18/2020,2020,5,18,PEATON,PEATON,MASCULINO,76,71-100 años
566,2020-0028,5/19/2020,2020,5,19,PEATON,PEATON,MASCULINO,91,71-100 años
567,2020-0029,6/10/2020,2020,6,10,PEATON,PEATON,MASCULINO,80,71-100 años
568,2020-0030,6/16/2020,2020,6,16,CONDUCTOR,MOTO,MASCULINO,40,31-40 años
569,2020-0031,6/30/2020,2020,6,30,CONDUCTOR,MOTO,MASCULINO,29,21-30 años
570,2020-0032,7/10/2020,2020,7,10,CONDUCTOR,MOTO,MASCULINO,21,21-30 años
571,2020-0033,7/19/2020,2020,7,19,CONDUCTOR,AUTO,MASCULINO,32,31-40 años
572,2020-0034,8/2/2020,2020,8,2,PEATON,PEATON,FEMENINO,30,21-30 años
573,2020-0035,8/4/2020,2020,8,4,CONDUCTOR,MOTO,MASCULINO,40,31-40 años
574,2020-0036,8/7/2020,2020,8,7,PEATON,PEATON,MASCULINO,72,71-100 años
575,2020-0037,8/29/2020,2020,8,29,PEATON,PEATON,MASCULINO,38,31-40 años
576,2020-0038,8/30/2020,2020,8,30,CONDUCTOR,AUTO,MASCULINO,46,41-50 años
577,2020-0038,8/30/2020,2020,8,30,CONDUCTOR,AUTO,MASCULINO,64,61-70 años
578,2020-0039,9/1/2020,2020,9,1,PEATON,PEATON,MASCULINO,44,41-50 años
579,2020-0040,9/12/2020,2020,9,12,CONDUCTOR,AUTO,MASCULINO,30,21-30 años
580,2020-0041,9/28/2020,2020,9,28,CONDUCTOR,MOTO,MASCULINO,34,31-40 años
581,2020-0042,9/29/2020,2020,9,29,PEATON,PEATON,FEMENINO,53,51-60 años
582,2020-0043,9/30/2020,2020,9,30,PEATON,PEATON,MASCULINO,64,61-70 años
583,2020-0044,10/5/2020,2020,10,5,CONDUCTOR,AUTO,MASCULINO,43,41-50 años
584,2020-0045,10/19/2020,2020,10,19,CONDUCTOR,AUTO,MASCULINO,50,41-50 años
585,2020-0046,10/27/2020,2020,10,27,CONDUCTOR,MOTO,MASCULINO,41,41-50 años
586,2020-0047,10/27/2020,2020,10,27,PEATON,PEATON,MASCULINO,15,0-20 años
587,2020-0048,10/29/2020,2020,10,29,CONDUCTOR,MOTO,MASCULINO,41,41-50 años
588,2020-0049,10/30/2020,2020,10,30,PEATON,PEATON,MASCULINO,36,31-40 años
589,2020-0050,11/1/2020,2020,11,1,PEATON,PEATON,FEMENINO,28,21-30 años
590,2020-0051,11/5/2020,2020,11,5,CONDUCTOR,MOTO,MASCULINO,49,41-50 años
591,2020-0052,11/7/2020,2020,11,7,CICLISTA,BICICLETA,MASCULINO,44,41-50 años
592,2020-0053,11/9/2020,2020,11,9,PASAJERO_ACOMPAÑANTE,AUTO,MASCULINO,27,21-30 años
593,2020-0054,11/19/2020,2020,11,19,CICLISTA,BICICLETA,MASCULINO,59,51-60 años
594,2020-0055,11/19/2020,2020,11,19,PEATON,PEATON,MASCULINO,91,71-100 años
595,2020-0056,11/21/2020,2020,11,21,CONDUCTOR,MOTO,FEMENINO,34,31-40 años
596,2020-0057,11/23/2020,2020,11,23,PEATON,PEATON,MASCULINO,84,71-100 años
597,2020-0058,11/24/2020,2020,11,24,PEATON,PEATON,MASCULINO,57,51-60 años
598,2020-0059,12/1/2020,2020,12,1,PEATON,PEATON,FEMENINO,49,41-50 años
599,2020-0060,12/3/2020,2020,12,3,PEATON,PEATON,FEMENINO,69,61-70 años
600,2020-0061,12/3/2020,2020,12,3,CONDUCTOR,MOTO,MASCULINO,45,41-50 años
601,2020-0062,12/4/2020,2020,12,4,CICLISTA,BICICLETA,MASCULINO,47,41-50 años
602,2020-0063,12/5/2020,2020,12,5,PEATON,PEATON,MASCULINO,38,31-40 años
603,2020-0063,12/5/2020,2020,12,5,PASAJERO_ACOMPAÑANTE,MOTO,MASCULINO,21,21-30 años
604,2020-0065,12/5/2020,2020,12,5,CONDUCTOR,MOTO,MASCULINO,24,21-30 años
605,2020-0066,12/7/2020,2020,12,7,CONDUCTOR,MOTO,MASCULINO,27,21-30 años
606,2020-0067,12/11/2020,2020,12,11,PEATON,PEATON,MASCULINO,51,51-60 años
607,2020-0068,12/12/2020,2020,12,12,CONDUCTOR,MOTO,MASCULINO,71,71-100 años
608,2020-0069,12/15/2020,2020,12,15,PASAJERO_ACOMPAÑANTE,MOTO,MASCULINO,25,21-30 años
609,2020-0070,12/17/2020,2020,12,17,PEATON,PEATON,FEMENINO,81,71-100 años
610,2020-0071,12/17/2020,2020,12,17,PEATON,PEATON,MASCULINO,4,0-20 años
611,2020-0072,12/19/2020,2020,12,19,CICLISTA,BICICLETA,MASCULINO,42,41-50 años
612,2020-0073,12/20/2020,2020,12,20,CONDUCTOR,MOTO,MASCULINO,56,51-60 años
613,2020-0074,12/20/2020,2020,12,20,CONDUCTOR,AUTO,MASCULINO,39,31-40 años
614,2020-0075,12/23/2020,2020,12,23,PEATON,PEATON,MASCULINO,23,21-30 años
615,2020-0076,12/24/2020,2020,12,24,CONDUCTOR,AUTO,FEMENINO,78,71-100 años
616,2020-0077,12/25/2020,2020,12,25,CONDUCTOR,MOTO,FEMENINO,30,21-30 años
617,2020-0077,12/25/2020,2020,12,25,PASAJERO_ACOMPAÑANTE,MOTO,FEMENINO,24,21-30 años
618,2020-0078,12/25/2020,2020,12,25,CICLISTA,BICICLETA,MASCULINO,26,21-30 años
619,2020-0079,12/27/2020,2020,12,27,CONDUCTOR,MOTO,MASCULINO,28,21-30 años
620,2021-0001,1/6/2021,2021,1,6,CONDUCTOR,MOTO,MASCULINO,36,31-40 años
621,2021-0002,1/7/2021,2021,1,7,CONDUCTOR,MOTO,FEMENINO,47,41-50 años
622,2021-0003,1/10/2021,2021,1,10,CONDUCTOR,MOTO,MASCULINO,27,21-30 años
623,2021-0004,1/11/2021,2021,1,11,PEATON,PEATON,FEMENINO,61,61-70 años
624,2021-0005,1/11/2021,2021,1,11,PEATON,PEATON,MASCULINO,73,71-100 años
625,2021-0006,1/12/2021,2021,1,12,PASAJERO_ACOMPAÑANTE,MOTO,FEMENINO,23,21-30 años
626,2021-0007,1/18/2021,2021,1,18,CONDUCTOR,MOTO,MASCULINO,84,71-100 años
627,2021-0008,1/22/2021,2021,1,22,PEATON,PEATON,MASCULINO,28,21-30 años
628,2021-0009,1/23/2021,2021,1,23,CONDUCTOR,MOTO,MASCULINO,31,31-40 años
629,2021-0010,1/23/2021,2021,1,23,CONDUCTOR,MOTO,MASCULINO,28,21-30 años
630,2021-0011,1/27/2021,2021,1,27,PEATON,PEATON,MASCULINO,21,21-30 años
631,2021-0012,1/29/2021,2021,1,29,PEATON,PEATON,MASCULINO,30,21-30 años
632,2021-0013,1/31/2021,2021,1,31,CONDUCTOR,MOTO,MASCULINO,41,41-50 años
633,2021-0014,2/2/2021,2021,2,2,PEATON,PEATON,MASCULINO,28,21-30 años
634,2021-0015,2/6/2021,2021,2,6,CONDUCTOR,MOTO,MASCULINO,26,21-30 años
635,2021-0016,2/14/2021,2021,2,14,CONDUCTOR,AUTO,MASCULINO,22,21-30 años
636,2021-0017,2/17/2021,2021,2,17,CONDUCTOR,MOTO,MASCULINO,33,31-40 años
637,2021-0018,2/20/2021,2021,2,20,PEATON,PEATON,MASCULINO,36,31-40 años
638,2021-0019,2/21/2021,2021,2,21,CONDUCTOR,MOTO,MASCULINO,30,21-30 años
639,2021-0020,2/21/2021,2021,2,21,PEATON,PEATON,FEMENINO,30,21-30 años
640,2021-0021,2/26/2021,2021,2,26,CONDUCTOR,MOTO,MASCULINO,39,31-40 años
641,2021-0022,2/28/2021,2021,2,28,PASAJERO_ACOMPAÑANTE,PASAJEROS,MASCULINO,68,61-70 años
642,2021-0023,3/1/2021,2021,3,1,CONDUCTOR,MOTO,MASCULINO,24,21-30 años
643,2021-0024,3/3/2021,2021,3,3,CICLISTA,BICICLETA,MASCULINO,5,0-20 años
644,2021-0025,3/11/2021,2021,3,11,CONDUCTOR,MOTO,MASCULINO,37,31-40 años
645,2021-0026,3/15/2021,2021,3,15,CONDUCTOR,MOTO,MASCULINO,36,31-40 años
646,2021-0027,3/16/2021,2021,3,16,CONDUCTOR,MOTO,FEMENINO,19,0-20 años
647,2021-0028,3/29/2021,2021,3,29,PEATON,PEATON,MASCULINO,30,21-30 años
648,2021-0029,3/31/2021,2021,3,31,CONDUCTOR,AUTO,MASCULINO,26,21-30 años
649,2021-0030,4/3/2021,2021,4,3,PEATON,PEATON,MASCULINO,36,31-40 años
650,2021-0031,4/7/2021,2021,4,7,PEATON,PEATON,FEMENINO,68,61-70 años
651,2021-0032,4/10/2021,2021,4,10,PEATON,PEATON,MASCULINO,60,51-60 años
652,2021-0033,4/14/2021,2021,4,14,CONDUCTOR,AUTO,MASCULINO,33,31-40 años
653,2021-0034,4/19/2021,2021,4,19,PASAJERO_ACOMPAÑANTE,MOTO,FEMENINO,26,21-30 años
654,2021-0035,5/3/2021,2021,5,3,CONDUCTOR,MOTO,MASCULINO,24,21-30 años
655,2021-0036,5/9/2021,2021,5,9,CONDUCTOR,MOTO,MASCULINO,36,31-40 años
656,2021-0037,5/11/2021,2021,5,11,PEATON,PEATON,FEMENINO,58,51-60 años
657,2021-0038,5/14/2021,2021,5,14,CONDUCTOR,MOTO,FEMENINO,44,41-50 años
658,2021-0039,5/15/2021,2021,5,15,CICLISTA,BICICLETA,MASCULINO,86,71-100 años
659,2021-0040,5/20/2021,2021,5,20,CONDUCTOR,MOTO,MASCULINO,27,21-30 años
660,2021-0041,5/20/2021,2021,5,20,PEATON,PEATON,MASCULINO,75,71-100 años
661,2021-0042,5/21/2021,2021,5,21,PEATON,PEATON,MASCULINO,39,31-40 años
662,2021-0043,5/22/2021,2021,5,22,PEATON,PEATON,MASCULINO,50,41-50 años
663,2021-0044,5/25/2021,2021,5,25,PASAJERO_ACOMPAÑANTE,MOTO,MASCULINO,21,21-30 años
664,2021-0045,5/26/2021,2021,5,26,CONDUCTOR,MOTO,MASCULINO,22,21-30 años
665,2021-0046,5/31/2021,2021,5,31,PASAJERO_ACOMPAÑANTE,AUTO,MASCULINO,20,0-20 años
666,2021-0047,6/2/2021,2021,6,2,CONDUCTOR,MOTO,MASCULINO,59,51-60 años
667,2021-0048,6/3/2021,2021,6,3,CICLISTA,BICICLETA,MASCULINO,44,41-50 años
668,2021-0049,6/3/2021,2021,6,3,CONDUCTOR,AUTO,MASCULINO,74,71-100 años
669,2021-0050,6/10/2021,2021,6,10,CONDUCTOR,MOTO,MASCULINO,56,51-60 años
670,2021-0051,6/15/2021,2021,6,15,PEATON,PEATON,MASCULINO,73,71-100 años
671,2021-0052,6/20/2021,2021,6,20,PASAJERO_ACOMPAÑANTE,MOTO,FEMENINO,19,0-20 años
672,2021-0053,6/20/2021,2021,6,20,PEATON,PEATON,MASCULINO,58,51-60 años
673,2021-0054,6/22/2021,2021,6,22,CONDUCTOR,MOTO,MASCULINO,41,41-50 años
674,2021-0055,6/29/2021,2021,6,29,PASAJERO_ACOMPAÑANTE,MOTO,MASCULINO,47,41-50 años
675,2021-0056,7/9/2021,2021,7,9,CICLISTA,BICICLETA,MASCULINO,60,51-60 años
676,2021-0057,7/10/2021,2021,7,10,CONDUCTOR,AUTO,MASCULINO,46,41-50 años
677,2021-0058,7/21/2021,2021,7,21,PEATON,PEATON,MASCULINO,24,21-30 años
678,2021-0059,7/22/2021,2021,7,22,PASAJERO_ACOMPAÑANTE,AUTO,FEMENINO,44,41-50 años
679,2021-0060,7/22/2021,2021,7,22,PEATON,PEATON,FEMENINO,80,71-100 años
680,2021-0061,7/24/2021,2021,7,24,PEATON,PEATON,FEMENINO,55,51-60 años
681,2021-0062,7/27/2021,2021,7,27,CONDUCTOR,AUTO,MASCULINO,73,71-100 años
682,2021-0063,8/2/2021,2021,8,2,PASAJERO_ACOMPAÑANTE,AUTO,FEMENINO,31,31-40 años
683,2021-0064,8/2/2021,2021,8,2,PEATON,PEATON,MASCULINO,37,31-40 años
684,2021-0065,8/6/2021,2021,8,6,PEATON,PEATON,FEMENINO,63,61-70 años
685,2021-0066,8/6/2021,2021,8,6,PEATON,PEATON,MASCULINO,59,51-60 años
686,2021-0067,8/8/2021,2021,8,8,CONDUCTOR,MOTO,MASCULINO,27,21-30 años
687,2021-0068,8/15/2021,2021,8,15,CONDUCTOR,MOTO,MASCULINO,39,31-40 años
688,2021-0069,8/20/2021,2021,8,20,PEATON,PEATON,MASCULINO,17,0-20 años
689,2021-0070,8/28/2021,2021,8,28,CONDUCTOR,MOTO,MASCULINO,31,31-40 años
690,2021-0071,8/31/2021,2021,8,31,PEATON,PEATON,MASCULINO,88,71-100 años
691,2021-0072,9/1/2021,2021,9,1,PEATON,PEATON,FEMENINO,57,51-60 años
692,2021-0073,9/18/2021,2021,9,18,CICLISTA,BICICLETA,FEMENINO,76,71-100 años
693,2021-0074,9/20/2021,2021,9,20,CONDUCTOR,MOTO,MASCULINO,55,51-60 años
694,2021-0075,9/21/2021,2021,9,21,PEATON,PEATON,MASCULINO,65,61-70 años
695,2021-0076,10/16/2021,2021,10,16,CONDUCTOR,MOTO,MASCULINO,31,31-40 años
696,2021-0077,10/18/2021,2021,10,18,CONDUCTOR,MOTO,FEMENINO,31,31-40 años
697,2021-0078,10/23/2021,2021,10,23,CONDUCTOR,MOTO,MASCULINO,22,21-30 años
698,2021-0079,10/25/2021,2021,10,25,PEATON,PEATON,MASCULINO,30,21-30 años
699,2021-0080,10/28/2021,2021,10,28,CONDUCTOR,MOTO,MASCULINO,32,31-40 años
700,2021-0081,11/2/2021,2021,11,2,CONDUCTOR,MOTO,MASCULINO,26,21-30 años
701,2021-0082,11/6/2021,2021,11,6,CONDUCTOR,MOTO,MASCULINO,38,31-40 años
702,2021-0083,11/9/2021,2021,11,9,CONDUCTOR,MOTO,MASCULINO,30,21-30 años
703,2021-0084,11/11/2021,2021,11,11,CONDUCTOR,AUTO,MASCULINO,32,31-40 años
704,2021-0097,11/18/2021,2021,11,18,CICLISTA,BICICLETA,MASCULINO,53,51-60 años
705,2021-0085,11/20/2021,2021,11,20,CONDUCTOR,MOTO,MASCULINO,49,41-50 años
706,2021-0086,11/25/2021,2021,11,25,PEATON,PEATON,MASCULINO,75,71-100 años
707,2021-0087,11/27/2021,2021,11,27,PEATON,PEATON,FEMENINO,73,71-100 años
708,2021-0088,12/1/2021,2021,12,1,CONDUCTOR,MOTO,MASCULINO,45,41-50 años
709,2021-0089,12/2/2021,2021,12,2,CONDUCTOR,MOTO,MASCULINO,41,41-50 años
710,2021-0090,12/10/2021,2021,12,10,PEATON,PEATON,MASCULINO,73,71-100 años
711,2021-0091,12/11/2021,2021,12,11,CONDUCTOR,MOTO,MASCULINO,24,21-30 años
712,2021-0092,12/12/2021,2021,12,12,PEATON,PEATON,FEMENINO,50,41-50 años
713,2021-0093,12/13/2021,2021,12,13,PASAJERO_ACOMPAÑANTE,MOTO,FEMENINO,18,0-20 años
714,2021-0094,12/20/2021,2021,12,20,PASAJERO_ACOMPAÑANTE,MOTO,FEMENINO,43,41-50 años
715,2021-0095,12/30/2021,2021,12,30,CONDUCTOR,MOTO,MASCULINO,27,21-30 años
716,2021-0096,12/15/2021,2021,12,15,CONDUCTOR,AUTO,MASCULINO,60,51-60 años
